﻿<?xml version="1.0" encoding="utf-8"?>
<Project ToolsVersion="15.0" xmlns="http://schemas.microsoft.com/developer/msbuild/2003">
  <PropertyGroup>
    <IncludeCompositeObjects>True</IncludeCompositeObjects>
    <TargetDatabaseName>CRM</TargetDatabaseName>
    <DeployScriptFileName>CRM.sql</DeployScriptFileName>
    <TargetConnectionString>Data Source=dp40fyxqu8.database.windows.net;Persist Security Info=False;User ID=kamil@dp40fyxqu8;Pooling=False;MultipleActiveResultSets=False;Connect Timeout=60;Encrypt=True;TrustServerCertificate=False</TargetConnectionString>
    <ProfileVersionNumber>1</ProfileVersionNumber>
  </PropertyGroup>
  <ItemGroup>
    <SqlCmdVariable Include="svcSyncProc">
      <Value>svc_SyncProc_NonProd</Value>
    </SqlCmdVariable>
  </ItemGroup>
</Project>