﻿<?xml version="1.0" encoding="utf-8"?>
<Project ToolsVersion="15.0" xmlns="http://schemas.microsoft.com/developer/msbuild/2003">
  <PropertyGroup>
    <IncludeCompositeObjects>True</IncludeCompositeObjects>
    <TargetDatabaseName>CRM_2</TargetDatabaseName>
    <DeployScriptFileName>CRM.sql</DeployScriptFileName>
    <TargetConnectionString>Data Source=localhost;Integrated Security=True;Persist Security Info=False;Pooling=False;MultipleActiveResultSets=False;Connect Timeout=60;Encrypt=False;TrustServerCertificate=True</TargetConnectionString>
    <ProfileVersionNumber>1</ProfileVersionNumber>
  </PropertyGroup>
  <ItemGroup>
    <SqlCmdVariable Include="master">
      <Value>master</Value>
    </SqlCmdVariable>
    <SqlCmdVariable Include="svcSyncProc">
      <Value>svc_SyncProc_NonProd</Value>
    </SqlCmdVariable>
  </ItemGroup>
</Project>